<?xml version="1.0"?>
<doc>
    <assembly>
        <name>MyToolkit.Extended</name>
    </assembly>
    <members>
        <member name="T:MyToolkit.Utilities.StreamExtensions">
            <summary>
            Provides methods to handle streams. 
            </summary>
        </member>
        <member name="M:MyToolkit.Utilities.StreamExtensions.ReadToEnd(System.IO.Stream)">
            <summary>
            Reads all available bytes from the stream. 
            </summary>
            <param name="stream">The stream to read from. </param>
            <returns>The read byte array. </returns>
        </member>
        <member name="M:MyToolkit.Utilities.StreamExtensions.ReadToEndAsync(System.IO.Stream)">
            <summary>
            Asynchronously reads all available bytes from the stream. 
            </summary>
            <param name="stream">The stream to read from. </param>
            <returns>The read byte array. </returns>
        </member>
        <member name="M:MyToolkit.Utilities.StreamExtensions.ReadToEndAsync(System.IO.Stream,System.Threading.CancellationToken,MyToolkit.Utilities.IProgress{System.Int64})">
            <summary>
            Asynchronously reads all available bytes from the stream. 
            </summary>
            <param name="stream">The stream to read from. </param>
            <param name="token">The cancellation token. </param>
            <param name="progress">The progress. </param>
            <returns>The read byte array. </returns>
        </member>
        <member name="M:MyToolkit.Utilities.StreamExtensions.ToStream(System.String)">
            <summary>
            Converts a string to a memory stream. 
            </summary>
            <param name="str">The string to convert. </param>
            <returns>The converted string. </returns>
        </member>
        <member name="T:MyToolkit.Converters.DateTimeConverter">
            <summary>
            Converts a DateTime into its string representation. 
            </summary>
        </member>
        <member name="T:MyToolkit.Encryption.RijndaelEncryption">
            <summary>
            Provides methods to encrypt and decrypt data using the Rijndael encryption algorithm. 
            </summary>
        </member>
        <member name="M:MyToolkit.Multimedia.YouTube.GetThumbnailUri(System.String,MyToolkit.Multimedia.YouTubeThumbnailSize)">
            <summary>
            Returns a thumbnail for the given YouTube ID. 
            </summary>
        </member>
        <member name="M:MyToolkit.Multimedia.YouTube.GetBestVideoUri(System.Collections.Generic.IEnumerable{MyToolkit.Multimedia.YouTubeUri},MyToolkit.Multimedia.YouTubeQuality,MyToolkit.Multimedia.YouTubeQuality)">
            <summary>
            Returns the best matching YouTube stream URI which has an audio and video channel and is not 3D.
            </summary>
            <returns>Returns null when no appropriate URI has been found. </returns>
        </member>
        <member name="M:MyToolkit.Multimedia.YouTube.GetVideoUriAsync(System.String,MyToolkit.Multimedia.YouTubeQuality)">
            <summary>
            Returns the best matching YouTube stream URI which has an audio and video channel and is not 3D. 
            </summary>
            <returns>Returns null when no appropriate URI has been found. </returns>
        </member>
        <member name="M:MyToolkit.Multimedia.YouTube.GetVideoUriAsync(System.String,MyToolkit.Multimedia.YouTubeQuality,System.Threading.CancellationToken)">
            <summary>
            Returns the best matching YouTube stream URI which has an audio and video channel and is not 3D. 
            </summary>
            <returns>Returns null when no appropriate URI has been found. </returns>
        </member>
        <member name="M:MyToolkit.Multimedia.YouTube.GetVideoUriAsync(System.String,MyToolkit.Multimedia.YouTubeQuality,MyToolkit.Multimedia.YouTubeQuality)">
            <summary>
            Returns the best matching YouTube stream URI which has an audio and video channel and is not 3D. 
            </summary>
            <returns>Returns null when no appropriate URI has been found. </returns>
        </member>
        <member name="M:MyToolkit.Multimedia.YouTube.GetVideoUriAsync(System.String,MyToolkit.Multimedia.YouTubeQuality,MyToolkit.Multimedia.YouTubeQuality,System.Threading.CancellationToken)">
            <summary>
            Returns the best matching YouTube stream URI which has an audio and video channel and is not 3D. 
            </summary>
            <returns>Returns null when no appropriate URI has been found. </returns>
        </member>
        <member name="M:MyToolkit.Multimedia.YouTube.GetUrisAsync(System.String)">
            <summary>
            Returns all available URIs (audio-only and video) for the given YouTube ID. 
            </summary>
        </member>
        <member name="M:MyToolkit.Multimedia.YouTube.GetUrisAsync(System.String,System.Threading.CancellationToken)">
            <summary>
            Returns all available URIs (audio-only and video) for the given YouTube ID. 
            </summary>
        </member>
    </members>
</doc>
