﻿<?xml version="1.0" encoding="utf-8"?>
<Roots >
  <Roots.Interfaces>
    <RootInterface FullName="Windows.UI.Xaml.Data.IValueConverter" />
  </Roots.Interfaces>
  <Roots.PropertyPathNames>
    <RootPropertyPathName Name="Background" />
    <RootPropertyPathName Name="InnerMargin" />
    <RootPropertyPathName Name="Source" />
    <RootPropertyPathName Name="Stretch" />
    <RootPropertyPathName Name="Colors" />
    <RootPropertyPathName Name="SelectedColor" />
    <RootPropertyPathName Name="Header" />
    <RootPropertyPathName Name="TopAppBar" />
    <RootPropertyPathName Name="BottomAppBar" />
    <RootPropertyPathName Name="Content" />
    <RootPropertyPathName Name="ContentTransitions" />
    <RootPropertyPathName Name="Text" />
    <RootPropertyPathName Name="IsSelected" />
    <RootPropertyPathName Name="IsAscending" />
    <RootPropertyPathName Name="ItemsSource" />
    <RootPropertyPathName Name="Title" />
    <RootPropertyPathName Name="CollectionGroups" />
    <RootPropertyPathName Name="Group" />
    <RootPropertyPathName Name="IsChecked" />
    <RootPropertyPathName Name="Item" />
  </Roots.PropertyPathNames>
  <Roots.RootTypes>
    <RootType FullName="Windows.UI.Xaml.ResourceDictionary" />
    <RootType FullName="MyToolkit.Converters.NotConverter" />
    <RootType FullName="MyToolkit.Converters.VisibilityConverter" />
    <RootType FullName="MyToolkit.Converters.LongListSelectorBackgroundConverter" />
    <RootType FullName="MyToolkit.Converters.ColorConverter" />
    <RootType FullName="MyToolkit.Controls.LongListSelector">
      <RootProperty Name="ItemTemplate" />
    </RootType>
    <RootType FullName="Windows.UI.Xaml.Controls.Control">
      <RootProperty Name="Template" />
      <RootProperty Name="Foreground" />
      <RootProperty Name="Background" />
      <RootProperty Name="BorderBrush" />
      <RootProperty Name="BorderThickness" />
      <RootProperty Name="IsTabStop" />
      <RootProperty Name="TabNavigation" />
      <RootProperty Name="FontFamily" />
      <RootProperty Name="FontSize" />
      <RootProperty Name="FontWeight" />
      <RootProperty Name="Padding" />
      <RootProperty Name="HorizontalContentAlignment" />
    </RootType>
    <RootType FullName="MyToolkit.Controls.WatermarkedTextBox" />
    <RootType FullName="MyToolkit.Controls.ScrollableItemsControl" />
    <RootType FullName="Windows.UI.Xaml.Controls.ItemsControl">
      <RootProperty Name="ItemsPanel" />
      <RootProperty Name="ItemTemplate" />
    </RootType>
    <RootType FullName="MyToolkit.Controls.DataGrid">
      <RootProperty Name="HeaderBackground" />
      <RootProperty Name="HeaderTemplate" />
      <RootProperty Name="CellTemplate" />
    </RootType>
    <RootType FullName="MyToolkit.Controls.ImageButton" />
    <RootType FullName="Windows.UI.Xaml.Controls.ListBox" />
    <RootType FullName="Windows.UI.Xaml.Controls.ScrollViewer">
      <RootProperty Name="HorizontalScrollMode" />
      <RootProperty Name="HorizontalScrollBarVisibility" />
      <RootProperty Name="IsHorizontalRailEnabled" />
      <RootProperty Name="IsVerticalRailEnabled" />
      <RootProperty Name="Padding" />
      <RootProperty Name="TabNavigation" />
      <RootProperty Name="VerticalScrollBarVisibility" />
      <RootProperty Name="VerticalScrollMode" />
      <RootProperty Name="ZoomMode" />
      <RootProperty Name="Content" />
      <RootMethod Name="GetHorizontalScrollBarVisibility" />
      <RootMethod Name="SetHorizontalScrollBarVisibility" />
      <RootMethod Name="GetVerticalScrollBarVisibility" />
      <RootMethod Name="SetVerticalScrollBarVisibility" />
      <RootMethod Name="GetHorizontalScrollMode" />
      <RootMethod Name="SetHorizontalScrollMode" />
      <RootMethod Name="GetIsHorizontalRailEnabled" />
      <RootMethod Name="SetIsHorizontalRailEnabled" />
      <RootMethod Name="GetVerticalScrollMode" />
      <RootMethod Name="SetVerticalScrollMode" />
      <RootMethod Name="GetIsVerticalRailEnabled" />
      <RootMethod Name="SetIsVerticalRailEnabled" />
      <RootMethod Name="GetZoomMode" />
      <RootMethod Name="SetZoomMode" />
    </RootType>
    <RootType FullName="MyToolkit.Controls.ExtendedListBox">
      <RootProperty Name="BorderThickness" />
      <RootProperty Name="ItemTemplate" />
      <RootProperty Name="HorizontalContentAlignment" />
      <RootProperty Name="VerticalContentAlignment" />
      <RootProperty Name="Margin" />
      <RootProperty Name="Style" />
      <RootProperty Name="ItemsPanel" />
      <RootProperty Name="ItemContainerStyle" />
    </RootType>
    <RootType FullName="MyToolkit.Controls.Pivot">
      <RootProperty Name="HeaderTemplate" />
    </RootType>
    <RootType FullName="MyToolkit.Controls.FadingImage">
      <RootProperty Name="Stretch" />
    </RootType>
    <RootType FullName="MyToolkit.Paging.MtFrame" />
    <RootType FullName="MyToolkit.Paging.MtPage" />
    <RootType FullName="MyToolkit.Controls.AppBarToggleButton" />
    <RootType FullName="Windows.UI.Xaml.FrameworkElement">
      <RootProperty Name="VerticalAlignment" />
      <RootProperty Name="MinWidth" />
    </RootType>
    <RootType FullName="Windows.UI.Xaml.Automation.AutomationProperties">
      <RootMethod Name="GetItemType" />
      <RootMethod Name="SetItemType" />
      <RootMethod Name="GetAutomationId" />
      <RootMethod Name="SetAutomationId" />
      <RootMethod Name="GetName" />
      <RootMethod Name="SetName" />
    </RootType>
    <RootType FullName="MyToolkit.Controls.AppBarButton" />
    <RootType FullName="MyToolkit.Controls.TextButton">
      <RootProperty Name="Content" />
      <RootProperty Name="Margin" />
      <RootEvent Name="Click" />
    </RootType>
    <RootType FullName="MyToolkit.Controls.MenuListBox" />
    <RootType FullName="MyToolkit.Controls.ColorChooser" />
    <RootType FullName="MyToolkit.Controls.PanAndZoomViewer" />
    <RootType FullName="MyToolkit.Controls.PanAndZoomImage">
      <RootProperty Name="Stretch" />
    </RootType>
    <RootType FullName="Windows.UI.Xaml.Controls.Button">
      <RootProperty Name="VerticalContentAlignment" />
      <RootProperty Name="VerticalAlignment" />
      <RootProperty Name="HorizontalContentAlignment" />
      <RootProperty Name="HorizontalAlignment" />
      <RootProperty Name="Template" />
      <RootProperty Name="Margin" />
      <RootEvent Name="Click" />
    </RootType>
    <RootType FullName="Windows.UI.Xaml.Setter">
      <RootProperty Name="Property" />
      <RootProperty Name="Value" />
    </RootType>
    <RootType FullName="Windows.UI.Xaml.Controls.ControlTemplate">
      <RootProperty Name="TargetType" />
      <RootProperty Name="Template" />
    </RootType>
    <RootType FullName="Windows.UI.Xaml.Controls.Grid">
      <RootProperty Name="Width" />
      <RootProperty Name="Height" />
      <RootProperty Name="Children" />
      <RootProperty Name="Margin" />
      <RootProperty Name="Background" />
      <RootProperty Name="HorizontalAlignment" />
      <RootProperty Name="Clip" />
      <RootProperty Name="VerticalAlignment" />
      <RootProperty Name="RowDefinitions" />
      <RootProperty Name="Resources" />
      <RootProperty Name="RenderTransform" />
      <RootProperty Name="ColumnDefinitions" />
      <RootMethod Name="GetRow" />
      <RootMethod Name="SetRow" />
      <RootMethod Name="GetColumn" />
      <RootMethod Name="SetColumn" />
    </RootType>
    <RootType FullName="Windows.UI.Xaml.VisualStateManager">
      <RootMethod Name="GetVisualStateGroups" />
    </RootType>
    <RootType FullName="Windows.UI.Xaml.Shapes.Rectangle">
      <RootProperty Name="IsHitTestVisible" />
      <RootProperty Name="Stroke" />
      <RootProperty Name="StrokeEndLineCap" />
      <RootProperty Name="StrokeDashArray" />
      <RootProperty Name="Opacity" />
      <RootProperty Name="StrokeDashOffset" />
    </RootType>
    <RootType FullName="Microsoft.Xaml.Tools.DirectUI.ProxyTypes.StaticResourceExtension" />
    <RootType FullName="Windows.UI.Xaml.Controls.TextBlock">
      <RootProperty Name="Text" />
      <RootProperty Name="Foreground" />
      <RootProperty Name="Opacity" />
      <RootProperty Name="VerticalAlignment" />
      <RootProperty Name="HorizontalAlignment" />
      <RootProperty Name="Margin" />
      <RootProperty Name="FontSize" />
      <RootProperty Name="FontWeight" />
      <RootProperty Name="Visibility" />
      <RootProperty Name="TextAlignment" />
      <RootProperty Name="TextTrimming" />
      <RootProperty Name="Style" />
      <RootProperty Name="FontFamily" />
      <RootProperty Name="Width" />
      <RootProperty Name="MaxHeight" />
      <RootProperty Name="Padding" />
    </RootType>
    <RootType FullName="Windows.UI.Xaml.VisualStateGroup">
      <RootProperty Name="States" />
    </RootType>
    <RootType FullName="Windows.UI.Xaml.VisualState">
      <RootProperty Name="Storyboard" />
    </RootType>
    <RootType FullName="Windows.UI.Xaml.Media.Animation.Storyboard">
      <RootProperty Name="Children" />
      <RootMethod Name="GetTargetName" />
      <RootMethod Name="SetTargetName" />
      <RootMethod Name="GetTargetProperty" />
      <RootMethod Name="SetTargetProperty" />
    </RootType>
    <RootType FullName="Windows.UI.Xaml.Media.Animation.DoubleAnimation">
      <RootProperty Name="To" />
      <RootProperty Name="Duration" />
      <RootProperty Name="From" />
      <RootProperty Name="EasingFunction" />
    </RootType>
    <RootType FullName="Windows.UI.Xaml.Media.Animation.ObjectAnimationUsingKeyFrames">
      <RootProperty Name="KeyFrames" />
    </RootType>
    <RootType FullName="Windows.UI.Xaml.Media.Animation.DiscreteObjectKeyFrame">
      <RootProperty Name="KeyTime" />
      <RootProperty Name="Value" />
    </RootType>
    <RootType FullName="Windows.UI.Xaml.Controls.ContentPresenter">
      <RootProperty Name="RenderTransform" />
      <RootProperty Name="Content" />
      <RootProperty Name="HorizontalAlignment" />
      <RootProperty Name="Margin" />
      <RootProperty Name="VerticalAlignment" />
      <RootProperty Name="ContentTemplate" />
      <RootProperty Name="ContentTransitions" />
    </RootType>
    <RootType FullName="Windows.UI.Xaml.Media.CompositeTransform">
      <RootProperty Name="ScaleX" />
      <RootProperty Name="ScaleY" />
      <RootProperty Name="TranslateX" />
      <RootProperty Name="TranslateY" />
    </RootType>
    <RootType FullName="Windows.UI.Xaml.Controls.Border">
      <RootProperty Name="Background" />
      <RootProperty Name="Margin" />
      <RootProperty Name="Child" />
      <RootProperty Name="Width" />
      <RootProperty Name="Height" />
      <RootProperty Name="BorderBrush" />
      <RootProperty Name="BorderThickness" />
    </RootType>
    <RootType FullName="Windows.UI.Xaml.Data.Binding">
      <RootProperty Name="RelativeSource" />
      <RootProperty Name="Path" />
      <RootProperty Name="Mode" />
      <RootProperty Name="Converter" />
      <RootProperty Name="ElementName" />
      <RootProperty Name="Source" />
      <RootProperty Name="ConverterParameter" />
    </RootType>
    <RootType FullName="Windows.UI.Xaml.Data.RelativeSource" />
    <RootType FullName="Windows.UI.Xaml.Controls.Image">
      <RootProperty Name="Source" />
      <RootProperty Name="Stretch" />
      <RootProperty Name="Opacity" />
    </RootType>
    <RootType FullName="Windows.UI.Xaml.Controls.ComboBox">
      <RootProperty Name="Width" />
      <RootProperty Name="ItemsSource" />
      <RootProperty Name="SelectedItem" />
      <RootProperty Name="ItemTemplate" />
      <RootProperty Name="Margin" />
      <RootEvent Name="SelectionChanged" />
    </RootType>
    <RootType FullName="Windows.UI.Xaml.DataTemplate">
      <RootProperty Name="Template" />
    </RootType>
    <RootType FullName="Windows.UI.Xaml.Media.SolidColorBrush">
      <RootProperty Name="Color" />
    </RootType>
    <RootType FullName="MyToolkit.Controls.ExtendedItemsControl">
      <RootProperty Name="Margin" />
      <RootProperty Name="ItemsSource" />
      <RootProperty Name="ItemTemplate" />
    </RootType>
    <RootType FullName="Microsoft.Xaml.Tools.DirectUI.ProxyTypes.TemplateBindingExtension" />
    <RootType FullName="Windows.UI.Xaml.Controls.StackPanel">
      <RootProperty Name="VerticalAlignment" />
      <RootProperty Name="Margin" />
      <RootProperty Name="Orientation" />
      <RootProperty Name="Children" />
      <RootProperty Name="Background" />
      <RootProperty Name="Visibility" />
      <RootProperty Name="HorizontalAlignment" />
    </RootType>
    <RootType FullName="Windows.UI.Xaml.Media.RectangleGeometry">
      <RootProperty Name="Rect" />
    </RootType>
    <RootType FullName="Windows.UI.Xaml.Controls.Page">
      <RootProperty Name="TopAppBar" />
      <RootProperty Name="BottomAppBar" />
      <RootProperty Name="Content" />
    </RootType>
    <RootType FullName="Windows.UI.Xaml.Controls.Frame">
      <RootProperty Name="ContentTransitions" />
      <RootProperty Name="Content" />
    </RootType>
    <RootType FullName="Windows.UI.Xaml.Controls.RowDefinition">
      <RootProperty Name="Height" />
    </RootType>
    <RootType FullName="Windows.UI.Xaml.Media.Animation.ExponentialEase">
      <RootProperty Name="EasingMode" />
      <RootProperty Name="Exponent" />
    </RootType>
    <RootType FullName="Windows.UI.Xaml.Media.TranslateTransform" />
    <RootType FullName="Windows.UI.Xaml.Controls.ItemsPanelTemplate">
      <RootProperty Name="Template" />
    </RootType>
    <RootType FullName="Windows.UI.Xaml.Controls.VirtualizingStackPanel">
      <RootProperty Name="Orientation" />
      <RootProperty Name="Background" />
      <RootMethod Name="GetVirtualizationMode" />
      <RootMethod Name="SetVirtualizationMode" />
    </RootType>
    <RootType FullName="Windows.UI.Xaml.Controls.ListBoxItem" />
    <RootType FullName="Windows.UI.Xaml.Controls.ItemsPresenter" />
    <RootType FullName="Windows.UI.Xaml.Controls.ColumnDefinition">
      <RootProperty Name="Width" />
    </RootType>
    <RootType FullName="Windows.UI.Xaml.Shapes.Path">
      <RootProperty Name="Data" />
      <RootProperty Name="Fill" />
      <RootProperty Name="Visibility" />
    </RootType>
    <RootType FullName="MyToolkit.Controls.DataGridTextColumn" />
    <RootType FullName="MyToolkit.Controls.ExtendedTextBox" />
    <RootType FullName="Windows.UI.Xaml.Controls.SemanticZoom">
      <RootProperty Name="Resources" />
      <RootProperty Name="ZoomedInView" />
      <RootProperty Name="ZoomedOutView" />
    </RootType>
    <RootType FullName="Windows.UI.Xaml.Data.CollectionViewSource">
      <RootProperty Name="Source" />
      <RootProperty Name="IsSourceGrouped" />
    </RootType>
    <RootType FullName="Windows.UI.Xaml.Controls.ListView">
      <RootProperty Name="IsHoldingEnabled" />
      <RootProperty Name="ItemsSource" />
      <RootProperty Name="ItemTemplate" />
      <RootProperty Name="GroupStyle" />
    </RootType>
    <RootType FullName="Windows.UI.Xaml.Controls.GroupStyle">
      <RootProperty Name="HidesIfEmpty" />
      <RootProperty Name="HeaderTemplate" />
    </RootType>
    <RootType FullName="Windows.UI.Xaml.Controls.GridView">
      <RootProperty Name="Background" />
      <RootProperty Name="HorizontalContentAlignment" />
      <RootProperty Name="Padding" />
      <RootProperty Name="ItemsSource" />
      <RootProperty Name="ItemTemplate" />
    </RootType>
    <RootType FullName="MyToolkit.UI.PopupBase">
      <RootProperty Name="Content" />
    </RootType>
    <RootType FullName="Windows.UI.Xaml.Controls.CheckBox">
      <RootProperty Name="IsChecked" />
      <RootProperty Name="Content" />
      <RootProperty Name="Margin" />
      <RootEvent Name="Click" />
    </RootType>
    <RootType FullName="MyToolkit.UI.Popups.ListPickerBox" />
    <RootType FullName="Windows.UI.Xaml.Controls.UserControl">
      <RootProperty Name="Content" />
    </RootType>
    <RootType FullName="MyToolkit.Controls.TimePicker" />
    <RootType FullName="MyToolkit.Controls.DatePicker" />
  </Roots.RootTypes>
</Roots>
