<?xml version="1.0"?>
<doc>
    <assembly>
        <name>MyToolkit.Extended</name>
    </assembly>
    <members>
        <member name="M:MyToolkit.Mvvm.ViewModelHelper.RegisterViewModel(MyToolkit.Mvvm.ViewModelBase,System.Windows.FrameworkElement)">
            <summary>Initializes the view model and registers events so that the OnLoaded and OnUnloaded methods are called. 
            This method must be called in the constructor after the <see cref="!:InitializeComponent"/> method call. </summary>
            <param name="viewModel">The view model. </param>
            <param name="view">The view. </param>
        </member>
        <member name="T:MyToolkit.Converters.DateTimeConverter">
            <summary>
            Converts a DateTime into its string representation. 
            </summary>
        </member>
        <member name="T:MyToolkit.Encryption.RijndaelEncryption">
            <summary>
            Provides methods to encrypt and decrypt data using the Rijndael encryption algorithm. 
            </summary>
        </member>
        <member name="T:MyToolkit.Messaging.DefaultActions">
            <summary>
            Provides default actions for some message lcasses to use with the <see cref="T:MyToolkit.Messaging.Messenger"/>. 
            </summary>
        </member>
        <member name="M:MyToolkit.Multimedia.YouTube.GetThumbnailUri(System.String,MyToolkit.Multimedia.YouTubeThumbnailSize)">
            <summary>
            Returns a thumbnail for the given YouTube ID. 
            </summary>
        </member>
        <member name="M:MyToolkit.Multimedia.YouTube.GetBestVideoUri(System.Collections.Generic.IEnumerable{MyToolkit.Multimedia.YouTubeUri},MyToolkit.Multimedia.YouTubeQuality,MyToolkit.Multimedia.YouTubeQuality)">
            <summary>
            Returns the best matching YouTube stream URI which has an audio and video channel and is not 3D.
            </summary>
            <returns>Returns null when no appropriate URI has been found. </returns>
        </member>
        <member name="M:MyToolkit.Multimedia.YouTube.GetVideoUriAsync(System.String,MyToolkit.Multimedia.YouTubeQuality)">
            <summary>
            Returns the best matching YouTube stream URI which has an audio and video channel and is not 3D. 
            </summary>
            <returns>Returns null when no appropriate URI has been found. </returns>
        </member>
        <member name="M:MyToolkit.Multimedia.YouTube.GetVideoUriAsync(System.String,MyToolkit.Multimedia.YouTubeQuality,System.Threading.CancellationToken)">
            <summary>
            Returns the best matching YouTube stream URI which has an audio and video channel and is not 3D. 
            </summary>
            <returns>Returns null when no appropriate URI has been found. </returns>
        </member>
        <member name="M:MyToolkit.Multimedia.YouTube.GetVideoUriAsync(System.String,MyToolkit.Multimedia.YouTubeQuality,MyToolkit.Multimedia.YouTubeQuality)">
            <summary>
            Returns the best matching YouTube stream URI which has an audio and video channel and is not 3D. 
            </summary>
            <returns>Returns null when no appropriate URI has been found. </returns>
        </member>
        <member name="M:MyToolkit.Multimedia.YouTube.GetVideoUriAsync(System.String,MyToolkit.Multimedia.YouTubeQuality,MyToolkit.Multimedia.YouTubeQuality,System.Threading.CancellationToken)">
            <summary>
            Returns the best matching YouTube stream URI which has an audio and video channel and is not 3D. 
            </summary>
            <returns>Returns null when no appropriate URI has been found. </returns>
        </member>
        <member name="M:MyToolkit.Multimedia.YouTube.GetUrisAsync(System.String)">
            <summary>
            Returns all available URIs (audio-only and video) for the given YouTube ID. 
            </summary>
        </member>
        <member name="M:MyToolkit.Multimedia.YouTube.GetUrisAsync(System.String,System.Threading.CancellationToken)">
            <summary>
            Returns all available URIs (audio-only and video) for the given YouTube ID. 
            </summary>
        </member>
        <member name="T:MyToolkit.Utilities.ColorUtility">
            <summary>
            Provides methods to manipulate <see cref="T:System.Windows.Media.Color"/> objects. 
            </summary>
        </member>
        <member name="M:MyToolkit.Utilities.ColorUtility.Mix(System.Windows.Media.Color,System.Double,System.Windows.Media.Color)">
            <summary>
            Blends the given foreground color with the background using the given alpha value. 
            </summary>
            <param name="foreground">The foreground <see cref="T:System.Windows.Media.Color"/>. </param>
            <param name="alpha">The alpha value. </param>
            <param name="background">The background <see cref="T:System.Windows.Media.Color"/>. </param>
            <returns>The new <see cref="T:System.Windows.Media.Color"/>. </returns>
        </member>
        <member name="M:MyToolkit.Utilities.ColorUtility.RemoveAlpha(System.Windows.Media.Color,System.Windows.Media.Color)">
            <summary>
            Removes the transparency from the foreground color using the given background color. 
            </summary>
            <param name="foreground">The foreground <see cref="T:System.Windows.Media.Color"/>. </param>
            <param name="background">The background <see cref="T:System.Windows.Media.Color"/>. </param>
            <returns>The color without transparency. </returns>
        </member>
        <member name="M:MyToolkit.Utilities.ColorUtility.ChangeAlpha(System.Windows.Media.Color,System.Byte)">
            <summary>
            Changes the alpha channel of the <see cref="T:System.Windows.Media.Color"/>. 
            </summary>
            <param name="color">The <see cref="T:System.Windows.Media.Color"/>. </param>
            <param name="alpha">The new alpha value. </param>
            <returns>The new <see cref="T:System.Windows.Media.Color"/>. </returns>
        </member>
        <member name="M:MyToolkit.Utilities.ColorUtility.ChangeAlpha(System.Windows.Media.Color,System.String)">
            <summary>
            Changes the alpha channel of the <see cref="T:System.Windows.Media.Color"/>. 
            </summary>
            <param name="color">The <see cref="T:System.Windows.Media.Color"/>. </param>
            <param name="alpha">The new alpha value. </param>
            <returns>The new <see cref="T:System.Windows.Media.Color"/>. </returns>
        </member>
        <member name="M:MyToolkit.Utilities.ColorUtility.ToHex(System.Windows.Media.Color,System.Boolean)">
            <summary>
            Converts a <see cref="T:System.Windows.Media.Color"/> to HEX string. 
            </summary>
            <param name="color">The <see cref="T:System.Windows.Media.Color"/>. </param>
            <param name="includeAlpha">If false then #RRGGBB, true then #AARRGGBB. </param>
            <returns>The HEX string. </returns>
        </member>
        <member name="M:MyToolkit.Utilities.ColorUtility.FromHex(System.String)">
            <summary>
            Creates a <see cref="T:System.Windows.Media.Color"/> from a HEX value. 
            </summary>
            <param name="colorCode">The HEX in the form #RRGGBB or #AARRGGBB. </param>
            <returns>The <see cref="T:System.Windows.Media.Color"/>. </returns>
        </member>
        <member name="M:MyToolkit.Utilities.ColorUtility.FromHex(System.UInt32)">
            <summary>
            Creates a <see cref="T:System.Windows.Media.Color"/> from a HEX value. 
            </summary>
            <param name="argb">The HEX value. </param>
            <returns>The <see cref="T:System.Windows.Media.Color"/>. </returns>
        </member>
        <member name="M:MyToolkit.Utilities.EnumerableExtensions.OrderByThenBy``2(System.Collections.Generic.IEnumerable{``0},System.Func{``0,``1},System.Func{``0,``1})">
            <summary>
            Instead of OrderBy(...).ThenBy(...) this method calls ThenBy only if necessary
            </summary>
        </member>
        <member name="M:MyToolkit.Utilities.EnumerableExtensions.AreValuesEqual``2(System.Collections.Generic.IEnumerable{``0},System.Func{``0,``1})">
            <summary>Checks whether the values of a given a property are equal. </summary>
            <typeparam name="TItem">The type of an item. </typeparam>
            <typeparam name="TProperty">The type of the property to compare. </typeparam>
            <param name="enumerable">The enumerable.</param>
            <param name="propertySelector">The property selector.</param>
            <returns>Returns true if all values are equal.</returns>
        </member>
        <member name="M:MyToolkit.Utilities.EnumerableExtensions.DistinctBy``2(System.Collections.Generic.IEnumerable{``0},System.Func{``0,``1})">
            <summary>
            Returns a list of distinct items by specifing a selector to determine distinctiveness. 
            </summary>
            <typeparam name="TItem">The type of an item. </typeparam>
            <typeparam name="TProperty">The type of the property to compare. </typeparam>
            <param name="enumerable">The enumerable.</param>
            <param name="propertySelector">The property selector.</param>
            <returns>Returns the list of distinct items. </returns>
        </member>
        <member name="M:MyToolkit.Utilities.EnumerableExtensions.IsCopyOf``1(System.Collections.Generic.IList{``0},System.Collections.Generic.IList{``0})">
            <summary>
            Checks whether a list is a copy of another list. 
            </summary>
            <typeparam name="TItem">The type of an item. </typeparam>
            <param name="list1">The first list. </param>
            <param name="list2">The second list. </param>
            <returns>Returns true if the list is a copy. </returns>
        </member>
        <member name="M:MyToolkit.Utilities.EnumerableExtensions.Shuffle``1(System.Collections.Generic.IEnumerable{``0})">
            <summary>
            Returns a shuffled list. 
            </summary>
            <typeparam name="TItem">The type of an item. </typeparam>
            <param name="enumerable">The enumerable. </param>
            <returns>Returns the shuffled list. </returns>
        </member>
        <member name="M:MyToolkit.Utilities.EnumerableExtensions.TakeRandom``1(System.Collections.Generic.IList{``0},System.Int32)">
            <summary>
            Takes random elements from a list. 
            </summary>
            <typeparam name="TItem">The type of an item. </typeparam>
            <param name="list">The list. </param>
            <param name="amount">The amount of items to take. </param>
            <returns>Returns the randomly taken items. </returns>
        </member>
    </members>
</doc>
